filepath	title
data/unpaired_data/trainA/101_2.png	arafed view of a clock tower with a sun shining through the sky
data/unpaired_data/trainA/103_2.png	arafed building with a sun shining through the window
data/unpaired_data/trainA/105_2.png	araffes are flying in the sky at sunset with a bright cloud
data/unpaired_data/trainA/107_2.png	there is a clock on the wall above a set of stairs
data/unpaired_data/trainA/109_2.png	there are many tables and umbrellas on the street outside
data/unpaired_data/trainA/113_2.png	there is a small house with a flower garden in front of it
data/unpaired_data/trainA/115_2.png	daytime shot of a field of flowers with a full moon in the background
data/unpaired_data/trainA/120_2.png	there is a flag flying in front of a building with columns
data/unpaired_data/trainA/122_2.png	there is a bed with a computer on it in a room
data/unpaired_data/trainA/123_2.png	there is a man riding a surfboard on a river at day
data/unpaired_data/trainA/124_2.png	daytime view of a clock tower in a city square with buildings
data/unpaired_data/trainA/127_2.png	arafed view of a gothic building with a clock tower
data/unpaired_data/trainA/129_2.png	trees in a field with a blue sky and clouds in the background
data/unpaired_data/trainA/12_10.png	there is a room with a lot of desks and chairs in it
data/unpaired_data/trainA/131_2.png	there is a view of a golf course and a body of water
data/unpaired_data/trainA/132_2.png	there is a large umbrella that is sitting on the sidewalk
data/unpaired_data/trainA/133_10.png	daytime view of a lake with a boat in the distance
data/unpaired_data/trainA/134_2.png	there are two shiny spheres sitting in the grass near a path
data/unpaired_data/trainA/135_2.png	there is a statue of a man holding a bird in the air
data/unpaired_data/trainA/136_2.png	people walking around a building with a clock on the top
data/unpaired_data/trainA/137_2.png	people walking around a courtyard with a sign in front of it
data/unpaired_data/trainA/140_2.png	trees in a park with a bench and a street light
data/unpaired_data/trainA/141_2.png	there is a large tree that is in the middle of a field
data/unpaired_data/trainA/142_2.png	there is a path that leads to a building with statues on it
data/unpaired_data/trainA/145_2.png	there is a path that leads to a park with trees
data/unpaired_data/trainA/151_2.png	daytime view of a city with a lot of buildings and a clock tower
data/unpaired_data/trainA/154_2.png	there is a table and chairs in the middle of a walkway
data/unpaired_data/trainA/155_2.png	tables and chairs in a restaurant with a clock on the wall
data/unpaired_data/trainA/157_2.png	there is a tree that is in the middle of a park
data/unpaired_data/trainA/161_2.png	there is a parking garage with a tree and a car parked in the driveway
data/unpaired_data/trainA/163_2.png	there is a man that is standing in the middle of a park
data/unpaired_data/trainA/169_2.png	there is a large open space with a lot of plants
data/unpaired_data/trainA/16_2.png	arafed windmill in a field with a path leading to it
data/unpaired_data/trainA/170_2.png	there is a path that leads to a building with a red umbrella
data/unpaired_data/trainA/171_2.png	there is a clock on the pole in front of a building
data/unpaired_data/trainA/172_2.png	daytime view of a building with a clock tower in the background
data/unpaired_data/trainA/179_2.png	there is a view of a baseball field from a window
data/unpaired_data/trainA/17_2.png	arafed windmill on a river with a boat in the water
data/unpaired_data/trainA/180_2.png	there is a playground with a lot of people playing in it
data/unpaired_data/trainA/184_2.png	there is a sign on the tree that says no swimming
data/unpaired_data/trainA/185_2.png	trees and bushes surrounding a lake in a park with a building in the background
data/unpaired_data/trainA/187_2.png	trees line the path beside a river with a bench and umbrella
data/unpaired_data/trainA/188_2.png	trees line the path beside a river with a bench and umbrella
data/unpaired_data/trainA/193_10.png	there is a large building with a clock on the top of it
data/unpaired_data/trainA/198_10.png	there is a car parked in the parking lot next to a building
data/unpaired_data/trainA/199_10.png	there are three cows standing in the middle of a road
data/unpaired_data/trainA/200_10.png	there is a view of a city from a hill with a plane flying over it
data/unpaired_data/trainA/205_2.png	there is a building with a clock on the top of it
data/unpaired_data/trainA/20_10.png	there is a microwave and a water bottle on a kitchen counter
data/unpaired_data/trainA/214_10.png	there are two birds perched on the side of a building
data/unpaired_data/trainA/218_2.png	boats are docked in the water near a beach with a fence
data/unpaired_data/trainA/21_10.png	doorway to a bathroom with a phone on the wall and a door handle
data/unpaired_data/trainA/220_2.png	there is a plant in a vase on the floor by the window
data/unpaired_data/trainA/221_2.png	trees in front of a mountain with a cloudy sky
data/unpaired_data/trainA/223_2.png	daytime view of a house with a lit up front door
data/unpaired_data/trainA/226_2.png	there is a train station with a train coming into the station
data/unpaired_data/trainA/227_2.png	there is a person sitting on a bench near a tree
data/unpaired_data/trainA/229_2.png	there is a street with a sign on it that says hong
data/unpaired_data/trainA/23_2.png	there is a tree that is standing in the middle of a desert
data/unpaired_data/trainA/242_2.png	clearly lit man sitting in bright room with computer and bookshelf
data/unpaired_data/trainA/244_2.png	there is a lone train traveling through a forest on a sunny day
data/unpaired_data/trainA/248_2.png	bright clouds hover over a desert landscape with a lone tree
data/unpaired_data/trainA/253_10.png	clearly lit room with a door and a window in the bright
data/unpaired_data/trainA/254_2.png	there is a man that is standing on a skateboard in the bright
data/unpaired_data/trainA/261_2.png	araffes sitting on a branch in front of a sunset
data/unpaired_data/trainA/262A0898.png	there is a man standing next to a large rock in a park
data/unpaired_data/trainA/262A0967.png	there is a man standing on a skateboard on the sidewalk
data/unpaired_data/trainA/262A0981.png	arafed silhouette of a man standing in a bright hallway
data/unpaired_data/trainA/262A1059.png	arafed man standing in front of a window looking out at a plant
data/unpaired_data/trainA/262A1060.png	there is a man standing in a bright room with a chair
data/unpaired_data/trainA/262A1066.png	there is a man standing in a bright room with a chair
data/unpaired_data/trainA/262A1110.png	arafed man in a striped shirt and shorts standing in a hallway
data/unpaired_data/trainA/262A1135.png	arafed man in a striped shirt and shorts standing in front of a window
data/unpaired_data/trainA/262A1136.png	there is a man standing in a room with a cell phone
data/unpaired_data/trainA/262A1149.png	arafed man standing in front of a large window in a building
data/unpaired_data/trainA/262A1163.png	arafed man standing in a bright room with a plant in a pot
data/unpaired_data/trainA/262A1164.png	there is a man standing in a room with a book
data/unpaired_data/trainA/262A1170.png	there is a man standing in a room with a book
data/unpaired_data/trainA/262A1171.png	arafed man standing in a hospital hallway holding a book
data/unpaired_data/trainA/262A1191.png	arafed man sitting in a chair in front of a window
data/unpaired_data/trainA/262A1192.png	there is a man sitting on a skateboard in a room
data/unpaired_data/trainA/262A1198.png	there is a man sitting on a couch in a bright room
data/unpaired_data/trainA/262A1219.png	arafed man holding a box of pizza in front of a building
data/unpaired_data/trainA/262A1220.png	arafed man holding a box of pizza in front of a building
data/unpaired_data/trainA/262A1226.png	there is a man standing on a sidewalk holding a bird
data/unpaired_data/trainA/262A1227.png	araffe man in striped shirt holding a sandwich in front of a building
data/unpaired_data/trainA/262A1254.png	there is a man standing on the sidewalk holding a frisbee
data/unpaired_data/trainA/262A1282.png	there is a man squatting on a skateboard in a courtyard
data/unpaired_data/trainA/262A1311.png	arafed man squatting on a concrete slab in front of a building
data/unpaired_data/trainA/262A1332.png	there is a man standing in front of a large window
data/unpaired_data/trainA/262A1338.png	arafed man standing in front of a large window in a building
data/unpaired_data/trainA/262A1401.png	there is a man standing in a bright room with a cell phone
data/unpaired_data/trainA/262A1408.png	there is a man standing in a bright room with a window
data/unpaired_data/trainA/262A1436.png	there is a man standing in a room with a cell phone
data/unpaired_data/trainA/262A1437.png	there is a man standing in a hallway with a cell phone
data/unpaired_data/trainA/262A1450.png	there is a man standing on a sidewalk in front of a building
data/unpaired_data/trainA/262A1457.png	there is a man standing on a sidewalk talking on a cell phone
data/unpaired_data/trainA/262A1479.png	there is a man standing in front of a window with his hands up
data/unpaired_data/trainA/262A1500.png	arafed man driving a car with a steering wheel in the bright
data/unpaired_data/trainA/262A1556.png	there is a man standing on the sidewalk with a skateboard
data/unpaired_data/trainA/262A1576.png	there is a man sitting on a bench in the bright
data/unpaired_data/trainA/262A1577.png	there is a man sitting on a bench in front of a fence
data/unpaired_data/trainA/262A1590.png	there is a man standing on a ledge with a skateboard
data/unpaired_data/trainA/262A1676.png	there is a desk with a computer and a chair in a room
data/unpaired_data/trainA/262A1887.png	there is a man standing in the bright outside of a building
data/unpaired_data/trainA/262A1894.png	there is a man standing outside of a building in the bright
data/unpaired_data/trainA/262A1901.png	there is a man standing outside of a building with a window
data/unpaired_data/trainA/262A1915.png	there is a man standing in the middle of a street flying a kite
data/unpaired_data/trainA/262A1929.png	there is a man standing outside of a building with his arms crossed
data/unpaired_data/trainA/262A1936.png	there is a man standing on the sidewalk holding a frisbee
data/unpaired_data/trainA/262A1958.png	there is a man standing on the sidewalk looking at his cell phone
data/unpaired_data/trainA/262A1964.png	there is a man standing on the sidewalk next to a tree
data/unpaired_data/trainA/262A2006.png	there is a man standing on the sidewalk next to a stop sign
data/unpaired_data/trainA/262A2020.png	arafed man standing on the side of the road holding a cell phone
data/unpaired_data/trainA/262A2042.png	there is a man that is standing on a skateboard on the sidewalk
data/unpaired_data/trainA/262A2056.png	there is a man standing on the sidewalk using his cell phone
data/unpaired_data/trainA/262A2069.png	there is a man standing in a parking lot with cars
data/unpaired_data/trainA/262A2076.png	there is a man standing in a parking lot with cars
data/unpaired_data/trainA/262A2126.png	there is a man standing on the sidewalk with a skateboard
data/unpaired_data/trainA/262A2140.png	there is a man that is standing on the sidewalk with a skateboard
data/unpaired_data/trainA/262A2155.png	there is a man leaning over a wall to pick up a plant
data/unpaired_data/trainA/262A2161.png	arafed man standing on sidewalk with cell phone in hand
data/unpaired_data/trainA/262A2174.png	arafed man standing in front of a house with a large porch
data/unpaired_data/trainA/262A2209.png	there is a young boy sitting in a chair with an umbrella
data/unpaired_data/trainA/262A2217.png	there is a man sitting in a chair with a cell phone
data/unpaired_data/trainA/262A2231.png	araffe man standing on a sidewalk looking at his cell phone
data/unpaired_data/trainA/262A2252.png	there is a man standing on a balcony with his arms crossed
data/unpaired_data/trainA/262A2378.png	arafed man sitting on a couch in a bright room
data/unpaired_data/trainA/262A2392.png	araffe woman sitting on a couch in a bright room
data/unpaired_data/trainA/262A2399.png	araffe sitting on a couch in a bright room with a window
data/unpaired_data/trainA/262A2413.png	there is a man sitting in a bright room with a laptop
data/unpaired_data/trainA/262A2420.png	there is a man standing in a bright room with a couch
data/unpaired_data/trainA/262A2454.png	arafed man sitting on a bed in a bright room
data/unpaired_data/trainA/262A2468.png	arafed man holding a baseball bat in a bright room
data/unpaired_data/trainA/262A2483.png	there is a woman standing in a bright room talking on a cell phone
data/unpaired_data/trainA/262A2497.png	there is a man standing in a parking lot with a skateboard
data/unpaired_data/trainA/262A2504.png	there is a man standing in a parking lot in front of a building
data/unpaired_data/trainA/262A2532.png	arafed man standing on the side of the road in front of a wall
data/unpaired_data/trainA/262A2580.png	arafed man standing on the side of the road using his cell phone
data/unpaired_data/trainA/262_10.png	there is a man riding a snowboard on a snowy slope
data/unpaired_data/trainA/270_10.png	there is a man standing on a log in the bright
data/unpaired_data/trainA/272_2.png	araffes in the bright with a full moon in the sky
data/unpaired_data/trainA/276_2.png	there is a view of a canyon with a sky in the background
data/unpaired_data/trainA/281_2.png	there is a river running through a forest with a mountain in the background
data/unpaired_data/trainA/282_2.png	there is a stop sign on the side of a road in the bright
data/unpaired_data/trainA/287_2.png	there is a large tree that is standing in the woods
data/unpaired_data/trainA/289_2.png	arafed view of a sunset over the ocean with a person on a surfboard
data/unpaired_data/trainA/291_2.png	brightly lit neon signs adorn a city street at day
data/unpaired_data/trainA/292_2.png	there is a lake with a boat in it at day
data/unpaired_data/trainA/295_2.png	arafed building with a sky background and sun shining through the clouds
data/unpaired_data/trainA/296_2.png	clock tower with a flag on top of it in front of a cloudy sky
data/unpaired_data/trainA/299_2.png	flags are hanging from poles in a bright park at day
data/unpaired_data/trainA/2_102_2.png	there is a person standing at a counter in a building
data/unpaired_data/trainA/2_103_2.png	there is a train that is sitting in a train station
data/unpaired_data/trainA/2_104_2.png	araffe train on the tracks in front of a building at day
data/unpaired_data/trainA/2_105_2.png	there is a sign on the side of a building that says middel madrid
data/unpaired_data/trainA/2_107_2.png	there is a black pipe sticking out of a wall next to a window
data/unpaired_data/trainA/2_109_2.png	there is a view of a mountain range with a road going through it
data/unpaired_data/trainA/2_115_2.png	there is a bright sky with clouds and a few trees
data/unpaired_data/trainA/2_116_2.png	bright clouds over the ocean and a beach with a surfboard
data/unpaired_data/trainA/2_117_2.png	bright clouds are in the sky over a rocky area
data/unpaired_data/trainA/2_119_2.png	there is a tree that is in the middle of a road
data/unpaired_data/trainA/2_122_2.png	there is a stop sign on the side of a building
data/unpaired_data/trainA/2_123_2.png	there is a fire station with a clock on the front of it
data/unpaired_data/trainA/2_128_2.png	arafed view of a building with a clock tower in the background
data/unpaired_data/trainA/2_12_2.png	arafed view of a city with a clock tower on a hill
data/unpaired_data/trainA/2_131_2.png	there is a table and umbrella in front of a brick building
data/unpaired_data/trainA/2_139_2.png	there is a large building with a clock on it in the middle of a street
data/unpaired_data/trainA/2_13_2.png	arafed view of a city with a clock tower and a bright sky
data/unpaired_data/trainA/2_146_2.png	there is a tall building with a clock on it in the middle of a park
data/unpaired_data/trainA/2_147_2.png	there is a street sign that is on the side of the road
data/unpaired_data/trainA/2_148_2.png	there is a boat that is docked in the water near a building
data/unpaired_data/trainA/2_149_2.png	there is a street with a clock on it and a building in the background
data/unpaired_data/trainA/2_150_2.png	there is a clock on a pole in the middle of a courtyard
data/unpaired_data/trainA/2_153_2.png	there is a building with a clock on the top of it
data/unpaired_data/trainA/2_156_2.png	there is a skateboarder riding down a set of stairs
data/unpaired_data/trainA/2_166_2.png	there is a bus that is going under a bridge on the street
data/unpaired_data/trainA/2_171_2.png	there is a large billboard on the side of a building
data/unpaired_data/trainA/2_176_2.png	there are many trees and benches in the park with leaves on the ground
data/unpaired_data/trainA/2_177_2.png	there is a tree in the middle of a courtyard with a clock on it
data/unpaired_data/trainA/2_179_2.png	there is a view of a porch with a clock on it
data/unpaired_data/trainA/2_17_2.png	arafed view of a city with a clock tower and a bright sky
data/unpaired_data/trainA/2_180_2.png	there is a bench sitting in the shade of a tree
data/unpaired_data/trainA/2_181_2.png	there is a long hallway with benches and a clock on the wall
data/unpaired_data/trainA/2_183_2.png	there is a clock on the wall of a building with a balcony
data/unpaired_data/trainA/2_186_2.png	there is a clock on the wall of a building with a skylight
data/unpaired_data/trainA/2_187_2.png	there is a white building with a black balcony and a green bush
data/unpaired_data/trainA/2_18_2.png	there is a clock on the top of a building with a sky background
data/unpaired_data/trainA/2_190_2.png	there is a large body of water with a bunch of ducks in it
data/unpaired_data/trainA/2_203_2.png	there is a lake with a boat in it surrounded by trees
data/unpaired_data/trainA/2_205_2.png	there is a green field with trees and grass in the middle
data/unpaired_data/trainA/2_207_2.png	there is a stone bench in the middle of a park
data/unpaired_data/trainA/2_208_2.png	there is a man that is standing on a bench in the woods
data/unpaired_data/trainA/2_213_2.png	there is a red fire hydrant in the middle of a forest
data/unpaired_data/trainA/2_214_2.png	there is a boat that is floating in the water near the trees
data/unpaired_data/trainA/2_216_2.png	there is a boat that is floating in the water near the shore
data/unpaired_data/trainA/2_221_2.png	boats are lined up on the dock with a tent on top
data/unpaired_data/trainA/2_222_2.png	trees and bushes line the shore of a lake with a bench
data/unpaired_data/trainA/2_223_2.png	trees and bushes line the shore of a lake with a bench
data/unpaired_data/trainA/2_224_2.png	trees and bushes line the shore of a lake with a bench
data/unpaired_data/trainA/2_225_2.png	there are many bikes parked on the sidewalk in the park
data/unpaired_data/trainA/2_23_2.png	arafed view of a tower with a clock on it at day
data/unpaired_data/trainA/2_28_2.png	two old photos of a building are hanging on a wall
data/unpaired_data/trainA/2_29_2.png	there are many vases on display on a glass shelf
data/unpaired_data/trainA/2_31_2.png	there is a small statue of a man sitting on a table
data/unpaired_data/trainA/2_35_2.png	there are two figurines of a man and a bird on display
data/unpaired_data/trainA/2_39_2.png	there is a statue of a dog with a collar on it
data/unpaired_data/trainA/2_3_2.png	there is a clock on the top of a building that reads the albert robinsons
data/unpaired_data/trainA/2_40_2.png	arafed statue of a woman and a man standing on a ledge
data/unpaired_data/trainA/2_42_2.png	there is a statue of a woman sitting on a rock
data/unpaired_data/trainA/2_43_2.png	arafed busts of men in a museum with a black background
data/unpaired_data/trainA/2_48_2.png	there are many vases on display in a glass case
data/unpaired_data/trainA/2_49_2.png	there is a plate with a gold design on it on a glass table
data/unpaired_data/trainA/2_4_2.png	there is a parking lot with a green parking lot with two cars on it
data/unpaired_data/trainA/2_51_2.png	there are two vases sitting on a table in the bright
data/unpaired_data/trainA/2_52_2.png	there is a black cat statue on a table next to a pair of shoes
data/unpaired_data/trainA/2_53_2.png	there are many figurines of animals and birds on display
data/unpaired_data/trainA/2_54_2.png	there are two vases that are sitting on a table
data/unpaired_data/trainA/2_56_2.png	there is a small fire hydrant in the middle of a field
data/unpaired_data/trainA/2_59_2.png	arafed view of a pool in a roman bath house
data/unpaired_data/trainA/2_63_2.png	arafed view of a roman bath with a clock tower in the background
data/unpaired_data/trainA/2_65_2.png	there is a street light that is on the side of the road
data/unpaired_data/trainA/2_66_2.png	there is a street sign that is lit up at day
data/unpaired_data/trainA/2_67_2.png	daytime view of a street with a building in the background
data/unpaired_data/trainA/2_69_2.png	daytime view of a street with a full moon in the sky
data/unpaired_data/trainA/2_6_2.png	there is a bright sky with a train coming down the tracks
data/unpaired_data/trainA/2_72_2.png	there is a clock on a pole in a building
data/unpaired_data/trainA/2_73_2.png	arafed view of a church with a clock tower at day
data/unpaired_data/trainA/2_81_2.png	there is a black and white photo of a wall with a clock
data/unpaired_data/trainA/2_87_2.png	arafed view of a cathedral with a clock tower in the middle of it
data/unpaired_data/trainA/2_88_2.png	arafed view of a castle with a clock tower in the background
data/unpaired_data/trainA/2_90_2.png	there is a sign on the grass near a fence and a building
data/unpaired_data/trainA/2_93_2.png	there is a clock tower in the middle of a courtyard
data/unpaired_data/trainA/2_99_2.png	there is a man standing in a bright room with a table
data/unpaired_data/trainA/300_2.png	arafed view of a bright mountain with a telephone in the foreground
data/unpaired_data/trainA/308_2.png	arafed red car parked on a dirt road near a lake
data/unpaired_data/trainA/309_10.png	there is a toilet in the bright with a black background
data/unpaired_data/trainA/30_2.png	there is a clock on a building that is lit up
data/unpaired_data/trainA/311_2.png	araffes in the bright of day with a mountain in the background
data/unpaired_data/trainA/312_2.png	arafed view of a sunset over a river with a mountain in the background
data/unpaired_data/trainA/315_2.png	there is a book and a lamp on a table in the bright
data/unpaired_data/trainA/316_2.png	there is a picture of a window with a view of a city
data/unpaired_data/trainA/319_2.png	trees are silhouetted against the bright sky and the sun is setting
data/unpaired_data/trainA/320_2.png	there is a car in a bright garage with a mountain in the background
data/unpaired_data/trainA/321_2.png	arafed view of a large dam wall with a person standing on it
data/unpaired_data/trainA/324_2.png	doorway to a brick building with a black door and a light shining in the window
data/unpaired_data/trainA/326_2.png	daytime shot of a church with a flag flying in the air
data/unpaired_data/trainA/327_2.png	there is a mountain in the distance with a river in the foreground
data/unpaired_data/trainA/32_10.png	there is a clock on the wall in the bright room
data/unpaired_data/trainA/333_2.png	araffes of a building with a clock tower lit up at day
data/unpaired_data/trainA/336_2.png	trees in the bright with a bright sky and clouds in the background
data/unpaired_data/trainA/337_2.png	arafed desert landscape with a full moon and a few clouds
data/unpaired_data/trainA/339_2.png	there is a tree stump in the middle of a desert
data/unpaired_data/trainA/33_2.png	there is a fire extinguisor sitting on a chair in front of a window
data/unpaired_data/trainA/340_2.png	araffe arch in the desert at day with a cloudy sky
data/unpaired_data/trainA/344_2.png	there is a field with a fence and a mountain in the background
data/unpaired_data/trainA/347_2.png	araffes in the desert at day with a full moon
data/unpaired_data/trainA/34_2.png	arafed view of a city from a window with a view of a mountain
data/unpaired_data/trainA/350_2.png	arafed view of a body of water with boats in it at day
data/unpaired_data/trainA/352_2.png	arafed rock formation with a moon in the sky and a bright sky
data/unpaired_data/trainA/356_2.png	arafed room with a fireplace and a chandelier and a couch
data/unpaired_data/trainA/36_2.png	arafed view of a cathedral with a clock tower and a clock tower
data/unpaired_data/trainA/37_2.png	there is a large building with a clock tower in the middle of it
data/unpaired_data/trainA/38_2.png	arafed image of a church with a sign in front of it
data/unpaired_data/trainA/40_2.png	arafed view of a building through a window with a clock tower
data/unpaired_data/trainA/43_2.png	arafed golf green with a red flag on it in a park
data/unpaired_data/trainA/45_10.png	there is a clock tower lit up at day with a bright sky
data/unpaired_data/trainA/47_10.png	there is a hallway with a sign that says the emergency department
data/unpaired_data/trainA/48_10.png	a clearly lit hallway with a clock on the wall and a window
data/unpaired_data/trainA/4_2.png	sunset over a river with a lone tree in the distance
data/unpaired_data/trainA/50_2.png	there is a long walkway with a clock on the wall
data/unpaired_data/trainA/53_2.png	there is a waterfall in the middle of a forest with a bright sky
data/unpaired_data/trainA/54_2.png	daytime view of a large building with a clock tower in the middle of it
data/unpaired_data/trainA/58_2.png	there is a glass case with a chair and a cat in it
data/unpaired_data/trainA/62_2.png	there is a woman standing in a bright room with a man standing in the doorway
data/unpaired_data/trainA/73_2.png	there is a vase with flowers in front of a window
data/unpaired_data/trainA/75_2.png	there is a window in a stone building with a wooden bench
data/unpaired_data/trainA/78_2.png	there is a statue of a man sitting on a bench in a cemetery
data/unpaired_data/trainA/79_2.png	there is a statue of a woman standing in a tunnel
data/unpaired_data/trainA/80_2.png	there is a statue of a woman in a white dress in a doorway
data/unpaired_data/trainA/81_2.png	there is a clock tower with a clock on it in the middle of a park
data/unpaired_data/trainA/82_2.png	doorway leading to a cemetery with a statue in the background
data/unpaired_data/trainA/83_2.png	there is a large archway with a window in the middle of it
data/unpaired_data/trainA/84_2.png	there is a piano in front of a window with a lamp
data/unpaired_data/trainA/85_2.png	clearly lit office with a desk and chair in a bright room
data/unpaired_data/trainA/89_10.png	there is a person walking up the stairs in the bright
data/unpaired_data/trainA/8_2.png	arafed view of a sunset with a red sky and clouds
data/unpaired_data/trainA/93_2.png	there is a table with a white cloth and a vase of flowers
data/unpaired_data/trainA/95_2.png	tables and chairs are set up outside at day with a yellow umbrella
data/unpaired_data/trainA/9_2.png	araffes in the sky with a sunset behind them
data/unpaired_data/trainA/low00057.png	there is a dog laying on the couch with a backpack on it
data/unpaired_data/trainA/low00058.png	there is a dog print couch with a dog print blanket on it
data/unpaired_data/trainA/low00059.png	there is a vase with flowers in it sitting on a table
data/unpaired_data/trainA/low00060.png	there is a vase with flowers in it sitting on a table
data/unpaired_data/trainA/low00061.png	there is a vase with flowers in it sitting on a shelf
data/unpaired_data/trainA/low00062.png	there is a vase with flowers in it sitting on a shelf
data/unpaired_data/trainA/low00063.png	there is a table with a bag on it and a chair
data/unpaired_data/trainA/low00064.png	there is a table with a bunch of chairs in the bright
data/unpaired_data/trainA/low00065.png	clearly lit room with a chair and a table in the bright
data/unpaired_data/trainA/low00066.png	clearly lit room with a chair and a table in the bright
data/unpaired_data/trainA/low00067.png	there is a cat sitting on a table in the bright
data/unpaired_data/trainA/low00068.png	there is a cat sitting on a table next to a television
data/unpaired_data/trainA/low00069.png	there is a small dog house that is in the corner of the kitchen
data/unpaired_data/trainA/low00070.png	there is a cat house that is on top of a toilet
data/unpaired_data/trainA/low00071.png	clearly lit toilet in bright room with toilet paper dispenser
data/unpaired_data/trainA/low00072.png	clearly lit bathroom with toilet and sink in bright room
data/unpaired_data/trainA/low00073.png	there is a toilet with a cover on it in a bright room
data/unpaired_data/trainA/low00074.png	there is a toilet with a cover on it in a bright room
data/unpaired_data/trainA/low00075.png	there is a sink in a kitchen with a window and a bottle of cleaner
data/unpaired_data/trainA/low00076.png	there is a sink in a kitchen with a window and a bottle of cleaner
data/unpaired_data/trainA/low00077.png	there is a microwave oven sitting on top of a microwave oven
data/unpaired_data/trainA/low00078.png	there is a microwave oven sitting on top of a microwave oven
data/unpaired_data/trainA/low00079.png	there is a cabinet with dishes and cups in it
data/unpaired_data/trainA/low00080.png	there is a cabinet with dishes and cups in it
data/unpaired_data/trainA/low00081.png	there is a black picture of a kitchen cabinet with a bottle in it
data/unpaired_data/trainA/low00082.png	there is a black picture of a person in the bright
data/unpaired_data/trainA/low00083.png	there is a tank on the wall with a window in the background
data/unpaired_data/trainA/low00084.png	there is a tank on the wall with a power cord attached
data/unpaired_data/trainA/low00085.png	there is a black picture of a clock in the bright
data/unpaired_data/trainA/low00086.png	there is a clock on the wall in the bright room
data/unpaired_data/trainA/low00091.png	there is a black pot on a stove in a kitchen
data/unpaired_data/trainA/low00092.png	there is a black pan on a stove in a kitchen
data/unpaired_data/trainA/low00093.png	there is a black pot on a stove in the bright
data/unpaired_data/trainA/low00094.png	there is a black pot on a stove in the bright
data/unpaired_data/trainA/low00095.png	there is a drawer with a lot of food and drinks in it
data/unpaired_data/trainA/low00096.png	there is a drawer full of food and drinks in a kitchen
data/unpaired_data/trainA/low00097.png	there are a lot of plates and spoons on the table
data/unpaired_data/trainA/low00098.png	there are many plates and spoons on the table in the bright
data/unpaired_data/trainA/low00099.png	there are many plates in the dishwasher and a bowl in the dishwasher
data/unpaired_data/trainA/low00100.png	there are many plates in the dishwasher and a bowl in the dishwasher
data/unpaired_data/trainA/low00151.png	there is a woman standing in a bright room with a door open
data/unpaired_data/trainA/low00152.png	there is a closet with a bunch of clothes hanging on it
data/unpaired_data/trainA/low00153.png	there are many cups on the shelf in the bright
data/unpaired_data/trainA/low00154.png	there are many cups on a shelf in the bright
data/unpaired_data/trainA/low00155.png	there is a shelf with a tray of water and a cup
data/unpaired_data/trainA/low00156.png	there is a shelf with a tray of water and a cup
data/unpaired_data/trainA/low00157.png	there is a drawer with a bunch of items in it
data/unpaired_data/trainA/low00158.png	there is a drawer with a bunch of papers in it
data/unpaired_data/trainA/low00159.png	there are many jars of food sitting on a shelf in the bright
data/unpaired_data/trainA/low00160.png	there are many jars of food sitting on a shelf in the bright
data/unpaired_data/trainA/low00161.png	there is a microwave that is on a shelf in the bright
data/unpaired_data/trainA/low00162.png	there is a computer mouse and a bottle on a desk
data/unpaired_data/trainA/low00163.png	bookshelf with a lot of books on it in a bright room
data/unpaired_data/trainA/low00164.png	bookshelf with a lot of books in the bright
data/unpaired_data/trainA/low00165.png	there is a suitcase sitting in front of a book shelf
data/unpaired_data/trainA/low00166.png	clearly lit room with bookshelf and bookshelf in bright room
data/unpaired_data/trainA/low00171.png	there is a microwave with a bunch of wires on it
data/unpaired_data/trainA/low00172.png	there is a laptop computer sitting on a desk in the bright
data/unpaired_data/trainA/low00173.png	there is a box with a bunch of wires on it
data/unpaired_data/trainA/low00174.png	clearly lit bedroom with bed and dresser in bright room
data/unpaired_data/trainA/low00175.png	clearly lit bedroom with bed and daystand in bright room
data/unpaired_data/trainA/low00176.png	clearly lit bed in bright room with white sheets and pillows
data/unpaired_data/trainA/low00177.png	three colorful tassels hanging on a wall in a bright room
data/unpaired_data/trainA/low00178.png	there is a man that is holding a cell phone in his hand
data/unpaired_data/trainA/low00179.png	three tassels hanging on a wall with a heart and a flower
data/unpaired_data/trainA/low00180.png	clearly lit room with a window and a table with a vase on it
data/unpaired_data/trainA/low00181.png	clearly lit kitchen with a window and a sink in the bright
data/unpaired_data/trainA/low00182.png	there is a man standing in the bright with a surfboard
data/unpaired_data/trainA/low00183.png	there is a man standing in the bright with a surfboard
data/unpaired_data/trainA/low00184.png	there is a mirror on a dresser in a bright room
data/unpaired_data/trainA/low00185.png	there is a mirror on a dresser in a bright room
data/unpaired_data/trainA/low00186.png	there is a white vanity with a mirror and a chair
data/unpaired_data/trainA/low00187.png	there is a white vanity with a mirror and a chair
data/unpaired_data/trainA/low00188.png	there is a bed with a white comforter and pillows in the bright
data/unpaired_data/trainA/low00189.png	there are two pillows on a bed with a day stand
data/unpaired_data/trainA/low00190.png	there is a closet with a lot of clothes and a mirror
data/unpaired_data/trainA/low00191.png	there is a closet with a lot of clothes and a mirror
data/unpaired_data/trainA/low00192.png	there is a bright room with a toilet and a mirror
data/unpaired_data/trainA/low00196.png	there is a white air conditioner sitting in a bright room
data/unpaired_data/trainA/low00197.png	there is a man that is standing in the bright with a skateboard
data/unpaired_data/trainA/low00198.png	there is a white air conditioner sitting on top of a wall
data/unpaired_data/trainA/low00199.png	there is a black and white photo of a dresser in a bright room
data/unpaired_data/trainA/low00200.png	there is a black and white photo of a dresser in the bright
data/unpaired_data/trainA/low00251.png	there is a ceiling ventter in a bright room with a window
data/unpaired_data/trainA/low00252.png	there is a picture of a ceiling light in a bright room
data/unpaired_data/trainA/low00253.png	there is a ceiling ventter that is on the ceiling
data/unpaired_data/trainA/low00255.png	there are many colorful beads hanging from a string in a room
data/unpaired_data/trainA/low00256.png	there is a clock that is on the wall in the bright
data/unpaired_data/trainA/low00257.png	there are many different colored beads hanging from a ceiling
data/unpaired_data/trainA/low00259.png	there is a book shelf with many books on it
data/unpaired_data/trainA/low00260.png	books are on a shelf in the bright with a clock on top
data/unpaired_data/trainA/low00261.png	there is a book shelf with a book and a clock on it
data/unpaired_data/trainA/low00262.png	there is a book shelf with many books on it
data/unpaired_data/trainA/low00263.png	laptop computer sitting on a bed with a pillow and pillows
data/unpaired_data/trainA/low00264.png	laptop computer sitting on a bed with a brain image on the screen
data/unpaired_data/trainA/low00265.png	there is a shelf with a lot of books and a bag on it
data/unpaired_data/trainA/low00266.png	there is a shelf with a lot of books and a bag on it
data/unpaired_data/trainA/low00267.png	there is a shelf with many books and a bag of stuff
data/unpaired_data/trainA/low00504.png	there is a stuffed animal sitting on a bed next to a pile of books
data/unpaired_data/trainA/low00505.png	there are many stuffed animals and other items on a table
data/unpaired_data/trainA/low00506.png	there is a stuffed animal and a stuffed animal on a table
data/unpaired_data/trainA/low00507.png	there is a large stuffed bear sitting next to a pile of fruit
data/unpaired_data/trainA/low00508.png	there is a large stuffed animal sitting next to a pile of toys
data/unpaired_data/trainA/low00509.png	there is a stuffed animal sitting next to a pile of food
data/unpaired_data/trainA/low00510.png	there is a stuffed animal sitting on the floor next to a book
data/unpaired_data/trainA/low00511.png	there is a stuffed animal sitting on a table next to a pile of food
data/unpaired_data/trainA/low00512.png	there are many fruits and vegetables on the table in the bright
data/unpaired_data/trainA/low00513.png	there is a stuffed animal sitting on the floor next to a bed
data/unpaired_data/trainA/low00514.png	there is a black suitcase and a pile of stuffed animals
data/unpaired_data/trainA/low00515.png	there is a person sitting in a chair with a bowl of fruit
data/unpaired_data/trainA/low00516.png	there is a cat sitting in the bright next to a pile of fruit
data/unpaired_data/trainA/low00517.png	there is a stuffed animal sitting in a pile of toys
data/unpaired_data/trainA/low00518.png	there is a person sitting in a bright room with a hat on
data/unpaired_data/trainA/low00519.png	there are many stuffed animals and toys on the floor
data/unpaired_data/trainA/low00520.png	there is a pile of fruit and a bottle of wine on the table
data/unpaired_data/trainA/low00521.png	there is a stuffed animal sitting on a table with a bunch of fruit
data/unpaired_data/trainA/low00522.png	there is a black cat sitting on a table with a plate of fruit
data/unpaired_data/trainA/low00523.png	there is a black suitcase sitting next to a pile of fruit
data/unpaired_data/trainA/low00524.png	there is a small basket with a red ribbon on it
data/unpaired_data/trainA/low00525.png	there is a small basket with a red ribbon on it
data/unpaired_data/trainA/low00532.png	there is a purse and a pink ribbon on a table
data/unpaired_data/trainA/low00533.png	there is a small purse and a pink ribbon on a table
data/unpaired_data/trainA/low00534.png	there is a stack of books on a desk with a cup of coffee
data/unpaired_data/trainA/low00535.png	there is a stack of books on a desk with a cup of pens
data/unpaired_data/trainA/low00536.png	there is a plant that is growing on a shelf in the bright
data/unpaired_data/trainA/low00537.png	there is a plant that is growing on a shelf in the bright
data/unpaired_data/trainA/low00538.png	there is a plant that is growing on a shelf in the bright
data/unpaired_data/trainA/low00539.png	there is a plant that is growing on a shelf in the bright
data/unpaired_data/trainA/low00540.png	arafed pile of money and coins on a table
data/unpaired_data/trainA/low00541.png	arafed pile of money and coins on a table
data/unpaired_data/trainA/low00542.png	there is a bowl of food and a bowl of ice cream on a table
data/unpaired_data/trainA/low00543.png	there is a bowl of food and a bowl of water on a table
data/unpaired_data/trainA/low00544.png	there is a shelf with a box, a clock, a container, and other items
data/unpaired_data/trainA/low00545.png	there is a shelf with a box, a container, and other items on it
data/unpaired_data/trainA/low00546.png	there is a book open on a desk with a keyboard and a cell phone
data/unpaired_data/trainA/low00547.png	there is a book that is open on a table
data/unpaired_data/trainA/low00548.png	there is a small table with a bunch of papers on it
data/unpaired_data/trainA/low00549.png	there is a pile of papers and a cell phone on a table
data/unpaired_data/trainA/low00550.png	there is a book and a purse sitting on a table
data/unpaired_data/trainA/low00551.png	there is a black bag and a book on a table
data/unpaired_data/trainA/low00554.png	there is a teddy bear sitting on a toilet in the bright
data/unpaired_data/trainA/low00555.png	there is a stuffed animal sitting on a toilet in the bright
data/unpaired_data/trainA/low00556.png	there is a stuffed animal that is sitting on a toilet
data/unpaired_data/trainA/low00557.png	there is a stuffed animal that is sitting on a toilet
data/unpaired_data/trainA/low00560.png	there is a large building under construction with a clock tower
data/unpaired_data/trainA/low00561.png	there is a large building under construction with a clock tower
data/unpaired_data/trainA/low00562.png	arafed view of a construction site with a clock tower in the background
data/unpaired_data/trainA/low00563.png	arafed view of a construction site with a clock tower in the background
data/unpaired_data/trainA/low00609.png	there is a shelf with books and a laptop on it
data/unpaired_data/trainA/low00610.png	there is a purple dress hanging on a clothes rack in a room
data/unpaired_data/trainA/low00611.png	there is a purple dress hanging on a clothes rack in a room
data/unpaired_data/trainA/low00612.png	there is a air conditioner sitting on a shelf in a room
data/unpaired_data/trainA/low00613.png	there is a air conditioner in the bright in a room
data/unpaired_data/trainA/low00614.png	there is a pink suitcase sitting next to a chair in a room
data/unpaired_data/trainA/low00615.png	there is a pink suitcase sitting next to a chair in a room
data/unpaired_data/trainA/low00616.png	there is a trash can and a trash can in a room
data/unpaired_data/trainA/low00617.png	there is a small cabinet with a lot of items in it
data/unpaired_data/trainA/low00618.png	there is a laptop computer sitting on a desk in a bright room
data/unpaired_data/trainA/low00619.png	there is a laptop computer sitting on a desk in a bright room
data/unpaired_data/trainA/low00620.png	there is a shelf with books and a picture on it
data/unpaired_data/trainA/low00621.png	there is a shelf with books and a picture on it
data/unpaired_data/trainA/low00622.png	there are posters on the door of a house with drawings on it
data/unpaired_data/trainA/low00623.png	there are many drawings on the door of a house
data/unpaired_data/trainA/low00624.png	there is a stack of books on a shelf in a room
data/unpaired_data/trainA/low00625.png	there is a stack of books on a shelf in a room
data/unpaired_data/trainA/low00626.png	there is a stack of books on a shelf in a room
data/unpaired_data/trainA/low00627.png	there is a closet with a lot of stuff in it
data/unpaired_data/trainA/low00628.png	there is a closet with a lot of stuff in it
data/unpaired_data/trainA/low00629.png	there is a bag sitting on the floor in a closet
data/unpaired_data/trainA/low00630.png	there is a bag and a purse sitting on the floor in a closet
data/unpaired_data/trainA/low00631.png	there is a mirror that is sitting in the corner of a closet
data/unpaired_data/trainA/low00632.png	there is a cat that is sitting in a closet
data/unpaired_data/trainA/low00633.png	there is a backpack sitting on a shelf in a room
data/unpaired_data/trainA/low00635.png	clearly lit room with a bed and bookshelf in the bright
data/unpaired_data/trainA/low00636.png	clearly lit room with a bed and bookshelf in the bright
data/unpaired_data/trainA/low00637.png	there is a white net covering a bed with shoes underneath it
data/unpaired_data/trainA/low00638.png	there is a white net covering a bed with shoes underneath it
data/unpaired_data/trainA/low00639.png	there is a cat that is laying down on the floor
data/unpaired_data/trainA/low00640.png	there is a cat that is laying down on the floor
data/unpaired_data/trainA/low00641.png	there is a bathroom with a sink and a toilet and a bed
data/unpaired_data/trainA/low00642.png	there is a bathroom with a sink and a toilet and a bed
data/unpaired_data/trainA/low00645.png	there is a teddy bear sitting on a bed with a pillow
data/unpaired_data/trainA/low00646.png	there is a teddy bear sitting on a bed with a pillow
data/unpaired_data/trainA/low00647.png	there is a bed with a plaid blanket and a teddy bear on it
data/unpaired_data/trainA/low00648.png	there is a cat that is laying on a bed in the bright
data/unpaired_data/trainA/low00649.png	there is a cat that is laying on a bed in the bright
data/unpaired_data/trainA/low00650.png	there are two gloves and a teddy bear on a bed
data/unpaired_data/trainA/low00651.png	there are three pairs of gloves and a hat on a bed
data/unpaired_data/trainA/low00652.png	there is a teddy bear sitting on a bed with a blanket
data/unpaired_data/trainA/low00653.png	there is a teddy bear that is laying down on a bed
data/unpaired_data/trainA/low00654.png	there is a cat that is laying on a bed with a blanket
data/unpaired_data/trainA/low00655.png	there is a white cat laying on a bed with a pink blanket
data/unpaired_data/trainA/low00656.png	there is a remote control sitting on a bed with a hello kitty blanket
data/unpaired_data/trainA/low00657.png	there is a remote control sitting on a bed with a hello kitty blanket
data/unpaired_data/trainA/low00660.png	there is a table with a blue top and a blue table with a blue top
data/unpaired_data/trainA/low00661.png	there is a table with a blue top and a blue table with a blue top
data/unpaired_data/trainA/low00662.png	there are two clocks on the wall with a sign in front of them
data/unpaired_data/trainA/low00663.png	there are two clocks on the wall with a sign in front of them
data/unpaired_data/trainA/low00664.png	clearly lit room with a laptop and a computer monitor on a desk
data/unpaired_data/trainA/low00665.png	clearly lit room with a laptop and a computer monitor on a desk
data/unpaired_data/trainA/low00666.png	there is a bowling ball sitting on a bench in a hallway
data/unpaired_data/trainA/low00667.png	there is a bowling ball sitting on a bench in a hallway
data/unpaired_data/trainA/low00668.png	there are two bowling lanes in the bright with a few people
data/unpaired_data/trainA/low00669.png	there are two bowling lanes in the bright with a few bowling balls
data/unpaired_data/trainA/low00670.png	there are many different dresses hanging on a wall in a room
data/unpaired_data/trainA/low00671.png	there are many different dresses hanging on a wall in a room
data/unpaired_data/trainA/low00672.png	foo foo foo foo foo foo foo foo foo foo foo foo foo foo foo foo foo foo foo foo foo
data/unpaired_data/trainA/low00673.png	foo foo foo foo foo foo foo foo foo foo foo foo foo foo foo foo foo foo foo foo foo
data/unpaired_data/trainA/low00674.png	foo foo foo foo foo foo foo foo foo foo foo foo foo foo foo foo foo foo foo foo foo
data/unpaired_data/trainA/low00720.png	bicycles parked in a garage with a lot of bikes in the background
data/unpaired_data/trainA/low00721.png	bicycles parked in a garage with a lot of bikes in the background
data/unpaired_data/trainA/low00722.png	there is a sign that is on the side of a building
data/unpaired_data/trainA/low00723.png	there is a sign that is on the side of a building
data/unpaired_data/trainA/low00724.png	there is a fire hydrant in the middle of a yard
data/unpaired_data/trainA/low00725.png	there is a fire hydrant in the middle of a grassy area
data/unpaired_data/trainA/low00726.png	there is a fire hydrant in the middle of a field of grass
data/unpaired_data/trainA/low00727.png	there is a fire hydrant in the middle of a field of grass
data/unpaired_data/trainA/low00728.png	there is a fire hydrant in the middle of a field of grass
data/unpaired_data/trainA/low00733.png	doorway of a building with a red door and two stone statues
data/unpaired_data/trainA/low00734.png	doorway of a building with a red door and two stone statues
data/unpaired_data/trainA/low00735.png	statue of a man in a robe is standing in front of a building
data/unpaired_data/trainA/low00736.png	statue of a man in a robe holding a bird in his hand
data/unpaired_data/trainA/low00737.png	there is a building with a clock on the side of it
data/unpaired_data/trainA/low00738.png	there is a building with a clock on the side of it
data/unpaired_data/trainA/low00739.png	stairs in a bright room with a book shelf and a poster
data/unpaired_data/trainA/low00740.png	there is a book shelf in the corner of a room
data/unpaired_data/trainA/low00741.png	there is a glass wall in a room with a toilet
data/unpaired_data/trainA/low00742.png	there is a bright room with a window and a door
data/unpaired_data/trainA/low00743.png	there is a basketball net in the middle of a basketball court
data/unpaired_data/trainA/low00744.png	there is a basketball net in the middle of a basketball court
data/unpaired_data/trainA/low00745.png	there is a basketball court with a net and a basketball on it
data/unpaired_data/trainA/low00746.png	there is a basketball court with a net and a basketball on it
data/unpaired_data/trainA/low00747.png	there is a clock on the wall of a swimming pool
data/unpaired_data/trainA/low00748.png	there are many chairs in the pool with a clock on the wall
data/unpaired_data/trainA/low00749.png	there is a pool with a ladder in the middle of it
data/unpaired_data/trainA/low00750.png	there is a pool with a ladder in the middle of it
data/unpaired_data/trainA/low00751.png	there is a pool with a ladder in the middle of it
data/unpaired_data/trainA/low00752.png	there is a pool with a ladder in the middle of it
data/unpaired_data/trainA/low00753.png	there are many ice cream cones on the wall of a building
data/unpaired_data/trainA/low00754.png	there are many ice cream cones on the wall of a building
data/unpaired_data/trainA/low00755.png	there are many toothbrushes on the wall in the bright
data/unpaired_data/trainA/low00756.png	there are many different colored ice cream cones on a wall
data/unpaired_data/trainA/low00757.png	there is a cat that is sitting on a blue tarp
data/unpaired_data/trainA/low00758.png	there is a man standing in a bright room with a blue tarp
data/unpaired_data/trainA/low00759.png	there are two ping pong tables in the middle of a room
data/unpaired_data/trainA/low00760.png	there are two ping pong tables in the middle of a room
data/unpaired_data/trainA/low00763.png	there are two tennis courts with yellow poles on them
data/unpaired_data/trainA/low00764.png	there are two tennis courts with yellow poles on them
data/unpaired_data/trainA/low00765.png	there is a man that is standing on a tennis court
data/unpaired_data/trainA/low00766.png	there is a man that is standing on a tennis court
data/unpaired_data/trainA/low00767.png	there are many empty seats in a stadium with a clock on the wall
data/unpaired_data/trainA/low00768.png	there are many empty seats in a stadium with a clock on the wall
data/unpaired_data/trainA/low00769.png	there is a long hallway with a bench and a window
data/unpaired_data/trainA/low00770.png	there is a long hallway with a bench and a window
data/unpaired_data/trainA/low00771.png	there is a bird that is sitting on a pole in the bright
data/unpaired_data/trainA/low00772.png	there is a bird that is sitting on a pole in the bright
data/unpaired_data/trainA/low00773.png	there is a bright hallway with a clock on the wall
data/unpaired_data/trainA/low00774.png	there is a bright hallway with a clock on the wall
data/unpaired_data/trainA/low00775.png	arafed view of a tennis court with empty seats and a clock
data/unpaired_data/trainA/low00776.png	there is a tennis court with a tennis racket and a tennis ball
data/unpaired_data/trainA/low00777.png	there is a view of a baseball stadium from the top of the stairs
data/unpaired_data/trainA/low00778.png	arafed view of a baseball stadium with empty seats and a clock
data/unpaired_data/trainA/low00779.png	there is a man that is standing in a building with a skateboard
data/unpaired_data/trainA/low00780.png	there is a man that is standing in a building with a skateboard
data/unpaired_data/trainA/low00781.png	there is a bicycle parked outside of a building with a clock on it
data/unpaired_data/trainA/low00782.png	there is a bicycle parked outside of a building with a clock on it
data/unpaired_data/trainA/low00783.png	there is a bicycle parked outside of a building with a clock on it
data/unpaired_data/trainA/low00784.png	there is a bicycle leaning against a building in the bright
data/unpaired_data/trainA/low00785.png	there is a bicycle parked outside of a building at day
data/unpaired_data/trainA/low00786.png	there is a bicycle parked outside of a building at day
data/unpaired_data/trainA/low00787.png	there is a motorcycle parked in the bright in the bright
data/unpaired_data/trainA/low00788.png	there is a motorcycle that is parked in the bright
data/unpaired_data/trainA/low00789.png	there is a motorcycle parked in the bright in the bright
data/unpaired_data/trainA/low101000.png	there are two birds sitting on top of a mirror in the bright
data/unpaired_data/trainA/low10550.png	daytime shot of a barn on a hill with a fence and a fenced in area
data/unpaired_data/trainA/low10551.png	araffes in a crowd of people walking down a street
data/unpaired_data/trainA/low10552.png	there is a man walking in front of a large building
data/unpaired_data/trainA/low10553.png	there is a stone wall with a stone door and a small pond
data/unpaired_data/trainA/low10554.png	there are many birds that are standing on the side of the water
data/unpaired_data/trainA/low10555.png	there is a bright hallway with a clock on the wall
data/unpaired_data/trainA/low10556.png	arafed view of a tall building with a clock on it
data/unpaired_data/trainA/low10557.png	there is a dirt path going up a hill with a mountain in the background
data/unpaired_data/trainA/low10558.png	there is a table with many items on it and a person standing in the background
data/unpaired_data/trainA/low10559.png	snowy street with a fire hydrant and a building in the background
data/unpaired_data/trainA/low10560.png	daytime view of a building with a clock tower and a mountain in the background
data/unpaired_data/trainA/low10561.png	there is a crowd of people walking down a street with a large float
data/unpaired_data/trainA/low10562.png	there is a bright sky with a few clouds over a field
data/unpaired_data/trainA/low10563.png	there are many white flowers that are growing in the grass
data/unpaired_data/trainA/low10564.png	arafed view of a church with a clock tower in the background
data/unpaired_data/trainA/low10565.png	daytime view of a bridge over a river with a boat in the water
data/unpaired_data/trainA/low10566.png	there are two birds that are standing in the water
data/unpaired_data/trainA/low10567.png	arafed view of a large building with a clock tower
data/unpaired_data/trainA/low10568.png	arafed statue of a man leaning against a tree in a museum
data/unpaired_data/trainA/low10569.png	people are walking around in a square in front of a building
data/unpaired_data/trainA/low10570.png	there is a close up of a pink flower with green leaves
data/unpaired_data/trainA/low10571.png	there is a boat that is floating in the water at day
data/unpaired_data/trainA/low10572.png	there is a man that is standing on a mountain with a horse
data/unpaired_data/trainA/low10573.png	there is a red purse with a cow on it hanging from a wall
data/unpaired_data/trainA/low10574.png	there is a small river running through a green field
data/unpaired_data/trainA/low10575.png	there are two birds standing in the grass near a wall
data/unpaired_data/trainA/low10576.png	arafed view of a crowd of people standing in a courtyard
data/unpaired_data/trainA/low10577.png	there is a small building with a clock on it in the mountains
data/unpaired_data/trainA/low10578.png	there is a field of flowers that are in the middle of the field
data/unpaired_data/trainA/low10579.png	arafed windmills in a row on a small island in the water
data/unpaired_data/trainA/low10580.png	there is a bridge that is over looking a river
data/unpaired_data/trainA/low10581.png	there is a clock on the top of a building with windows
data/unpaired_data/trainA/low10582.png	there is a statue of a man with a face on it
data/unpaired_data/trainA/low10583.png	there are two statues of a woman and a man in the bright
data/unpaired_data/trainA/low10584.png	there is a large clock tower in the middle of a city
data/unpaired_data/trainA/low10585.png	there is a small house in the middle of a field
data/unpaired_data/trainA/low10586.png	there is a carousel with many horses on it in a city
data/unpaired_data/trainA/low10587.png	there is a view of a city from a hill top
data/unpaired_data/trainA/low10588.png	arafed ceiling with paintings and a clock in a room
data/unpaired_data/trainA/low10589.png	snowy landscape with trees and a hill in the distance
data/unpaired_data/trainA/low10590.png	there is a statue of a man on a horse on a pedestal
data/unpaired_data/trainA/low10591.png	there is a clock on the wall of a building with a clock on it
data/unpaired_data/trainA/low10592.png	arafed bicycle leaning against a brick wall with a basket on the back
data/unpaired_data/trainA/low10593.png	arafed arch in the middle of a city with people walking around
data/unpaired_data/trainA/low10594.png	arafed view of a crowd of people walking around a large structure
data/unpaired_data/trainA/low10595.png	there are two statues of men standing next to each other
data/unpaired_data/trainA/low10596.png	there is a statue of a man laying on a bed in a bright room
data/unpaired_data/trainA/low10597.png	clearly lit room with a clock and a bed in the bright
data/unpaired_data/trainA/low10598.png	there is a man riding a horse on a mountain side
data/unpaired_data/trainA/low10599.png	arafed view of a church with a clock in the middle of it
data/unpaired_data/trainA/low10600.png	there is a lone person walking on a hill in the bright
data/unpaired_data/trainA/low10601.png	trees in a forest with a bench and a bench in the middle
data/unpaired_data/trainA/low10602.png	mountains are in the background
data/unpaired_data/trainA/low10603.png	there is a doorway with a sign and a bunch of boxes
data/unpaired_data/trainA/low10604.png	bright clouds are in the sky over a building with a clock tower
data/unpaired_data/trainA/low10605.png	arafed view of a crowd of people walking up a set of stairs
data/unpaired_data/trainA/low10606.png	there is a cloud that is floating in the sky over a mountain
data/unpaired_data/trainA/low10607.png	there is a lone horse standing in a field in front of a mountain
data/unpaired_data/trainA/low10608.png	arafed view of a sunset over the ocean with a boat in the distance
data/unpaired_data/trainA/low10609.png	there is a small stream running through a grassy field
data/unpaired_data/trainA/low10610.png	there is a view of a lake and a forest at day
data/unpaired_data/trainA/low10611.png	there is a small building in the middle of a field with a mountain in the background
data/unpaired_data/trainA/low10612.png	doorway to a building with a cross on the side of it
data/unpaired_data/trainA/low10613.png	there is a bright river with a few rocks in it
data/unpaired_data/trainA/low10614.png	there is a wall with pictures and pictures on it in a room
data/unpaired_data/trainA/low10615.png	several cows are standing in a barn with their heads down
data/unpaired_data/trainA/low10616.png	there are many people standing in a line in the bright
data/unpaired_data/trainA/low10617.png	arafed view of a clock tower with a full moon in the background
data/unpaired_data/trainA/low10618.png	arafed view of a large building with a lot of people walking around it
data/unpaired_data/trainA/low10619.png	there are many birds sitting on a wooden fence at day
data/unpaired_data/trainA/low10620.png	there is a view of a field with a small pond in it
data/unpaired_data/trainA/low10621.png	there is a large body of water with a mountain in the background
data/unpaired_data/trainA/low10622.png	there is a large fountain with water spouting from it
data/unpaired_data/trainA/low10623.png	there is a stone bench on a stone wall overlooking a mountain
data/unpaired_data/trainA/low10624.png	daytime shot of a person riding a skateboard on a bright street
data/unpaired_data/trainA/low10625.png	mountains with snow and a small cabin in the foreground
data/unpaired_data/trainA/low10626.png	arafed view of a street with a bus and a building
data/unpaired_data/trainA/low10627.png	mountains and clouds are in the distance with a person on a horse
data/unpaired_data/trainA/low10628.png	there is a river running through a town with a mountain in the background
data/unpaired_data/trainA/low10629.png	there is a red and white barrier on the side of the road
data/unpaired_data/trainA/low10630.png	people in costumes walking down a street with a horse drawn carriage
data/unpaired_data/trainA/low10631.png	daytime shot of a church with a clock tower and a street light
data/unpaired_data/trainA/low10632.png	araful city street with a car parked on the side of the road
data/unpaired_data/trainA/low10633.png	there is a lone tree in the middle of a field
data/unpaired_data/trainA/low10634.png	mountains covered in snow with a bright sky and clouds
data/unpaired_data/trainA/low10635.png	there is a statue of a man holding a bird on his arm
data/unpaired_data/trainA/low10636.png	mountains in the background with a church steeple and a church steeple in the foreground
data/unpaired_data/trainA/low10637.png	mountains with snow on them at day with a bright sky
data/unpaired_data/trainA/low10638.png	there are two women in dresses playing violin in a group
data/unpaired_data/trainA/low10639.png	arafed view of a building with a clock tower in the background
data/unpaired_data/trainA/low10640.png	there is a bird flying over a field of tall grass
data/unpaired_data/trainA/low10641.png	bright clouds hover over a city street with parked cars
data/unpaired_data/trainA/low10642.png	arafed view of a large building with a clock tower
data/unpaired_data/trainA/low10643.png	there are many people standing outside of a building with red shutters
data/unpaired_data/trainA/low10644.png	there is a train on the tracks going through a city
data/unpaired_data/trainA/low10645.png	skiers on a snowy mountain slope with a view of the mountains
data/unpaired_data/trainA/low10646.png	there are two people walking in the water with umbrellas
data/unpaired_data/trainA/low10647.png	there is a snow covered hill with a fence and a house
data/unpaired_data/trainA/low10648.png	there is a clock tower in the middle of a building
data/unpaired_data/trainA/low10649.png	arafed bales of hay are stacked in a field
data/unpaired_data/trainA/low10650.png	day time view of a mountain range with a full moon
data/unpaired_data/trainA/low10651.png	there are many birds that are standing on the dock by the water
data/unpaired_data/trainA/low10652.png	there are many people walking around in the park at day
data/unpaired_data/trainA/low10653.png	daytime view of a canal with boats and buildings along it
data/unpaired_data/trainA/low10654.png	bright clouds over a river with a bridge and a boat
data/unpaired_data/trainA/low10655.png	there is a stone wall with a clock on it near a mountain
data/unpaired_data/trainA/low10656.png	daytime shot of a castle with a clock tower in the background
data/unpaired_data/trainA/low10657.png	arafed view of a large building with a clock on top of it
data/unpaired_data/trainA/low10658.png	there is a planter with flowers in it on a sidewalk
data/unpaired_data/trainA/low10659.png	there is a field of flowers that are next to a body of water
data/unpaired_data/trainA/low10660.png	mountains in the background with a few houses in the foreground
data/unpaired_data/trainA/low10661.png	snowy road with a light post and a stone wall
data/unpaired_data/trainA/low10662.png	there is a black and white goat standing in a field
data/unpaired_data/trainA/low10663.png	arafed view of a street with a clock tower in the distance
data/unpaired_data/trainA/low10664.png	there is a person riding a bike on a trail in the mountains
data/unpaired_data/trainA/low10665.png	there is a person walking down a path in the woods
data/unpaired_data/trainA/low10666.png	there is a glass of beer and a bottle of beer on a table
data/unpaired_data/trainA/low10667.png	ducks swimming in a lake with lily pads on the water
data/unpaired_data/trainA/low10668.png	arafed view of a city with a clock tower and a cloudy sky
data/unpaired_data/trainA/low10669.png	mountains are in the distance behind a building with a car parked in front
data/unpaired_data/trainA/low10670.png	purple ribbon with a figurine of a man on a bike
data/unpaired_data/trainA/low10671.png	arafed view of a lake with a tree and a full moon
data/unpaired_data/trainA/low10672.png	there is a person standing in the snow under a tree
data/unpaired_data/trainA/low10673.png	there is a man standing in the bright with a knife in his hand
data/unpaired_data/trainA/low10674.png	mountains with snow on them and people walking on a path
data/unpaired_data/trainA/low10675.png	two people in elaborate costumes stand in a bright alley
data/unpaired_data/trainA/low10676.png	people walking around in a plaza with a building in the background
data/unpaired_data/trainA/low10677.png	mountains with snow on them and a few trees in the foreground
data/unpaired_data/trainA/low10678.png	there is a boat that is going down the canal in the city
data/unpaired_data/trainA/low10679.png	there are many animals that are on the side of a hill
data/unpaired_data/trainA/low10680.png	araffatured image of a crowd of people standing in front of a building
data/unpaired_data/trainA/low10681.png	arafed image of a person standing in a window in a bright room
data/unpaired_data/trainA/low10682.png	there is a stop light that is on a street at day
data/unpaired_data/trainA/low10683.png	there is a man that is standing in the bright with a skateboard
data/unpaired_data/trainA/low10684.png	arafed image of a painting of a church with a clock
data/unpaired_data/trainA/low10685.png	there is a clock that is on a pole in the trees
data/unpaired_data/trainA/low10686.png	brightly lit city street at day with cars and buildings
data/unpaired_data/trainA/low10687.png	mountains in the background with a church steeple and a clock tower
data/unpaired_data/trainA/low10688.png	arafed tree branches over a body of water with a sun shining through the branches
data/unpaired_data/trainA/low10689.png	trees are growing in a row in front of a building
data/unpaired_data/trainA/low10690.png	there is a small cabin on a hill with a mountain in the background
data/unpaired_data/trainA/low10691.png	there is a small church with a clock tower on the side of it
data/unpaired_data/trainA/low10692.png	mountains with a full moon in the sky and a few clouds
data/unpaired_data/trainA/low10693.png	there is a bush with berries covered in snow on the branches
data/unpaired_data/trainA/low10694.png	araffes in the bright of day with a building in the background
data/unpaired_data/trainA/low10695.png	there is a toilet in the bright with a black background
data/unpaired_data/trainA/low10696.png	there is a man that is standing next to a wooden swing set
data/unpaired_data/trainA/low10697.png	there is a man that is standing in the bright with a cell phone
data/unpaired_data/trainA/low10698.png	there is a close up of a pink flower with a green center
data/unpaired_data/trainA/low10699.png	there is a tall building with a steeple and a clock tower
data/unpaired_data/trainA/low10700.png	there is a bike that is parked in the snow
data/unpaired_data/trainA/low10701.png	there is a tall clock tower in the middle of a city
data/unpaired_data/trainA/low10702.png	there is a statue of a man riding a horse with a flag on it
data/unpaired_data/trainA/low10703.png	there is a dirt road that is next to a mountain
data/unpaired_data/trainA/low10704.png	there is a man riding on a horse drawn carriage in the street
data/unpaired_data/trainA/low10705.png	there is a clock tower on the side of a building
data/unpaired_data/trainA/low10706.png	there are many red flowers that are blooming in the garden
data/unpaired_data/trainA/low10707.png	daytime view of a cemetery with a clock tower and a cemetery
data/unpaired_data/trainA/low10708.png	there is a small wooden structure in the middle of the woods
data/unpaired_data/trainA/low10709.png	people are sitting in a crowd reading and listening to a man
data/unpaired_data/trainA/low10710.png	arafed statue of a man in a suit sitting on a pedestal
data/unpaired_data/trainA/low10711.png	there is a boat that is sitting on the shore of a lake
data/unpaired_data/trainA/low10712.png	there is a snow covered hill with houses and trees in the background
data/unpaired_data/trainA/low10713.png	daytime shot of a group of people playing frisbee in a park
data/unpaired_data/trainA/low10714.png	there is a small building with a clock tower in the background
data/unpaired_data/trainA/low10715.png	arafed view of a church with stained glass windows and a bench
data/unpaired_data/trainA/low10716.png	arafed ceiling with a clock in the middle of it
data/unpaired_data/trainA/low10717.png	arafed image of a man in a black shirt and tie
data/unpaired_data/trainA/low10718.png	there is a snow covered street with a building and a clock on it
data/unpaired_data/trainA/low10719.png	clock tower with a clock on top of it at day
data/unpaired_data/trainA/low10720.png	boats are sailing in the water near a city at day
data/unpaired_data/trainA/low10721.png	there is a horse that is standing in the bright
data/unpaired_data/trainA/low10722.png	several soccer players are playing soccer on a field in front of a crowd
data/unpaired_data/trainA/low10723.png	there is a small purple flower growing in the middle of a rocky field
data/unpaired_data/trainA/low10724.png	mountains with a bright sky and a few clouds in the background
data/unpaired_data/trainA/low10725.png	bright clouds are in the sky over a field of yellow flowers
data/unpaired_data/trainA/low10726.png	there is a road with a barrier on the side of it
data/unpaired_data/trainA/low10727.png	there is a large mirror on the side of a building
data/unpaired_data/trainA/low10728.png	people are walking around a city square with a tall building
data/unpaired_data/trainA/low10729.png	there is a clock that is on a shelf in the bright
data/unpaired_data/trainA/low10730.png	there is a dirt road that is winding through the woods
data/unpaired_data/trainA/low10731.png	arafed view of a car driving down a street in a residential area
data/unpaired_data/trainA/low10732.png	there is a large statue of a bear in a building
data/unpaired_data/trainA/low10733.png	graffiti on the side of a train car at a train station
data/unpaired_data/trainA/low10734.png	there is a small flower that is in the bright
data/unpaired_data/trainA/low10735.png	arafed view of a church with a chandelier and stained glass windows
data/unpaired_data/trainA/low10736.png	there is a tall building with a clock on the top of it
data/unpaired_data/trainA/low10737.png	there is a large white clock on a pole in the middle of a field
data/unpaired_data/trainA/low10738.png	mountains with a valley in the middle of them and a small village in the middle
data/unpaired_data/trainA/low10739.png	arafed view of a clock tower with a bright sky in the background
data/unpaired_data/trainA/low10740.png	there is a person flying a kite in the mountains
data/unpaired_data/trainA/low10741.png	arafed view of a crowd of people standing in front of a building
data/unpaired_data/trainA/low10742.png	there is a park with a bench and a tree in the middle
data/unpaired_data/trainA/low10743.png	arafed view of a tall building with a clock tower
data/unpaired_data/trainA/low10744.png	there is a blue bus with graffiti on it parked in front of a building
data/unpaired_data/trainA/low10745.png	there is a bird that is sitting on the ledge of a building
data/unpaired_data/trainA/low10746.png	trees line the sidewalk of a city street at day
data/unpaired_data/trainA/low10747.png	there are many stone elephants in the ruins of a building
data/unpaired_data/trainA/low10748.png	there is a white vase with a black stripe on it
data/unpaired_data/trainA/low10749.png	there is a bench sitting outside of a green building
data/unpaired_data/trainA/low10750.png	arafed cloud over a mountain with a lake and trees
data/unpaired_data/trainA/low10751.png	there are two men working in a large industrial kitchen with a large pot
data/unpaired_data/trainA/low10752.png	arafed view of a courtyard with a clock tower in the distance
data/unpaired_data/trainA/low10753.png	there is a large fountain in front of a building with a clock on it
data/unpaired_data/trainA/low10754.png	skiers are walking through the snow in a mountainous area
data/unpaired_data/trainA/low10755.png	there is a red flower that is in the middle of a field
data/unpaired_data/trainA/low10756.png	there is a statue of a man riding a horse in front of a building
data/unpaired_data/trainA/low10757.png	clock tower in the bright with a clock on it's face
data/unpaired_data/trainA/low10758.png	there is a small cabin on a mountain side with a cloudy sky
data/unpaired_data/trainA/low10759.png	there is a tree that is leaning over in the bright
data/unpaired_data/trainA/low10760.png	there is a cow standing in a field under a cloudy sky
data/unpaired_data/trainA/low10761.png	arafed view of a city at day with a clock tower
data/unpaired_data/trainA/low10762.png	there is a bench overlooking a lake and mountains with a sky background
data/unpaired_data/trainA/low10763.png	there is a lone sheep standing on a grassy hill under a cloudy sky
data/unpaired_data/trainA/low10764.png	someone is holding a cell phone in their hand in the bright
data/unpaired_data/trainA/low10765.png	there is a plane flying over a mountain with a cloudy sky
data/unpaired_data/trainA/low10766.png	there is a car parked on the side of the street
data/unpaired_data/trainA/low10767.png	arafed view of a roman city with a clock tower in the distance
data/unpaired_data/trainA/low10768.png	there is a bird of paradise on top of a pole
data/unpaired_data/trainA/low10769.png	crowd of people standing in a street with a clock tower in the background
data/unpaired_data/trainA/low10770.png	arafed view of a street with a clock tower in the distance
data/unpaired_data/trainA/low10771.png	daytime shot of a playground with a wooden structure and a fire hydrant
data/unpaired_data/trainA/low10772.png	trees and bushes in a park with a statue in the distance
data/unpaired_data/trainA/low10773.png	there is a large body of water with a mountain in the background
data/unpaired_data/trainA/low10774.png	there are many red flowers growing in a field near a castle
data/unpaired_data/trainA/low10775.png	several white swans swimming in a pond with a black background
data/unpaired_data/trainA/low10776.png	arafed statue of a woman holding a cup in a building
data/unpaired_data/trainA/low10777.png	there is a nude woman holding a baby in her arms
data/unpaired_data/trainA/low10778.png	there is a man that is standing on a mountain with a backpack
data/unpaired_data/trainA/low10779.png	there is a fire hydrant in the middle of a field of tall grass
data/unpaired_data/trainA/low10780.png	mountains in the distance with a lake in the foreground
data/unpaired_data/trainA/low10781.png	there is a tall building with a clock on it's side
data/unpaired_data/trainA/low10782.png	there is a view of a town from a hill with a clock tower
data/unpaired_data/trainA/low10783.png	arafed view of a mountain range with a bright sky
data/unpaired_data/trainA/low10784.png	there is a statue of two angels on the side of a building
data/unpaired_data/trainA/low10785.png	arafed view of a road with a mountain in the distance
data/unpaired_data/trainA/low10786.png	daytime shot of a building with a clock tower and ivy covered facade
data/unpaired_data/trainA/low10787.png	there are many people walking in the bright with their bikes
data/unpaired_data/trainA/low10788.png	arafed view of a lighthouse on a hill at day
data/unpaired_data/trainA/low10789.png	there are many red and white flowers in a vase
data/unpaired_data/trainA/low10790.png	there is a man riding a bike with a bunch of carrots on it
data/unpaired_data/trainA/low10791.png	there is a lake with some tall grass in it
data/unpaired_data/trainA/low10792.png	arafed view of a clock tower with a flag on top
data/unpaired_data/trainA/low10793.png	arafed ceiling with a clock and paintings on it
data/unpaired_data/trainA/low10794.png	daytime shot of a monument with a clock tower in the middle
data/unpaired_data/trainA/low10795.png	daytime view of a lake with a boat in the water
data/unpaired_data/trainA/low10796.png	there is a windmill on the side of a road near a field
data/unpaired_data/trainA/low10797.png	there is a horse drawn carriage in front of a large building
data/unpaired_data/trainA/low10798.png	there is a tower that is in the middle of a lake
data/unpaired_data/trainA/low10799.png	there is a glass cup with a candle on a coaster
data/unpaired_data/trainA/low10800.png	there is a person standing on a hill with a snowboard
data/unpaired_data/trainA/low10801.png	there is a pile of wood next to a staircase with a fire hydrant
data/unpaired_data/trainA/low10802.png	there is a white flower that is in the middle of some grass
data/unpaired_data/trainA/low10803.png	araffes in the bright with a full moon in the background
data/unpaired_data/trainA/low10804.png	there is a boat that is floating in the water at day
data/unpaired_data/trainA/low10805.png	people walking down a city street in the rain with a clock tower in the background
data/unpaired_data/trainA/low10806.png	arafed map of a city with a large number of buildings
data/unpaired_data/trainA/low10807.png	there is a statue in the middle of a courtyard with a fountain
data/unpaired_data/trainA/low10808.png	arafed view of a building with a clock on the top of it
data/unpaired_data/trainA/low10809.png	arafed building covered in green ivys with two windows
data/unpaired_data/trainA/low10810.png	there are two windows with green shutters on a building
data/unpaired_data/trainA/low10811.png	there is a picture of a street with a building and a tree
data/unpaired_data/trainA/low10812.png	there is a bench sitting on a cliff overlooking a lake
data/unpaired_data/trainA/low10813.png	people sitting at tables in a courtyard with umbrellas and tables
data/unpaired_data/trainA/low10814.png	there is a statue of a man sitting on a pedestal in the bright
data/unpaired_data/trainA/low10815.png	flock of birds flying over a body of water next to a brick wall
data/unpaired_data/trainA/low10816.png	araffes in red dresses are dancing in a large crowd
data/unpaired_data/trainA/low10817.png	there is a man standing on a boat in the water
data/unpaired_data/trainA/low10818.png	there is a cup of coffee sitting on a coaster on the floor
data/unpaired_data/trainA/low10819.png	arafed statue of a man holding a staff in a room
data/unpaired_data/trainA/low10820.png	there is a large building with a lot of windows and a lot of grass
data/unpaired_data/trainA/low10821.png	there is a bicycle parked on the sidewalk in the rain
data/unpaired_data/trainA/low10822.png	daytime view of a city with a clock tower and a bright sky
data/unpaired_data/trainA/low10823.png	daytime time picture of a street with a car parked on the side of the road
data/unpaired_data/trainA/low10824.png	painting of a horse in a bright room with a light on
data/unpaired_data/trainA/low10825.png	daytime shot of a church in the mountains with a bright sky
data/unpaired_data/trainA/low10826.png	there is a man standing on a bridge over a waterfall
data/unpaired_data/trainA/low10827.png	there is a small box with a picture on it sitting on a table
data/unpaired_data/trainA/low10828.png	there is a bear that is laying down in the grass
data/unpaired_data/trainA/low10829.png	skiers on a ski lift going up a snowy mountain
data/unpaired_data/trainA/low10830.png	there is a small white flower that is in the bright
data/unpaired_data/trainA/low10831.png	there is a clock tower that is on the side of a building
data/unpaired_data/trainA/low10832.png	there is a large building with a clock tower on the top
data/unpaired_data/trainA/low10833.png	woman sitting in front of a carved wall with a camera
data/unpaired_data/trainA/low10834.png	there is a statue of a man holding a dog in a park
data/unpaired_data/trainA/low10835.png	there is a polar bear that is standing in the bright
data/unpaired_data/trainA/low10836.png	there is a man sitting on a bench with a book on it
data/unpaired_data/trainA/low10837.png	arafed area rug with a pattern of birds and other symbols
data/unpaired_data/trainA/low10838.png	there is a picture of a wall with a clock and flowers
data/unpaired_data/trainA/low10839.png	snowy trees in the background with a stream of water running through it
data/unpaired_data/trainA/low10840.png	daytime scene of a bridge over a river with a lit up building
data/unpaired_data/trainA/low10841.png	there is a table with a bunch of food on it
data/unpaired_data/trainA/low10842.png	there is a large building with a clock tower on top of it
data/unpaired_data/trainA/low10843.png	there is a boat that is floating in the water at day
data/unpaired_data/trainA/low10844.png	arafed view of a church with a clock on the front
data/unpaired_data/trainA/low10845.png	there is a boat that is floating on the water under a cloudy sky
data/unpaired_data/trainA/low10846.png	daytime view of a lake with a clock tower in the distance
data/unpaired_data/trainA/low10847.png	a close up of a clock with roman numerals on the face
data/unpaired_data/trainA/low10848.png	there is a small open suitcase sitting on a toilet in a bathroom
data/unpaired_data/trainA/low10849.png	there is a bus that is driving down the street in the bright
data/unpaired_data/trainA/low10850.png	several people in costumes are walking down a street with balloons
data/unpaired_data/trainA/low10851.png	there are many red flowers that are in a vase
data/unpaired_data/trainA/low10852.png	there is a street light and a sign on a pole
data/unpaired_data/trainA/low10853.png	there is a large building with a clock tower on top of it
data/unpaired_data/trainA/low10854.png	there is a person on a horse that is standing on a hill
data/unpaired_data/trainA/low10855.png	there is a man walking down a bright alley way with a umbrella
data/unpaired_data/trainA/low10856.png	arafed mountain with a steeple and a sky line in the background
data/unpaired_data/trainA/low10857.png	snowy mountain with a few houses and a few cars parked in front
data/unpaired_data/trainA/low10858.png	there is a large building with a clock tower on the top
data/unpaired_data/trainA/low10859.png	arafed statue of a woman holding a staff in a room
data/unpaired_data/trainA/low10860.png	there are two people sitting on a horse drawn carriage
data/unpaired_data/trainA/low10861.png	cars parked in a parking lot in front of a building
data/unpaired_data/trainA/low10862.png	trees in front of a building with a clock tower in the background
data/unpaired_data/trainA/low10863.png	arafed image of a circular object with a star on it
data/unpaired_data/trainA/low10864.png	mountains with snow on them and a plane flying in the sky
data/unpaired_data/trainA/low10865.png	there is a snow covered mountain with a ski lift in the background
data/unpaired_data/trainA/low10866.png	there are two people playing violin in a bright room
data/unpaired_data/trainA/low10867.png	there is a tall tower with a clock on it next to a street light
data/unpaired_data/trainA/low10868.png	there is a large body of water with a castle in the background
data/unpaired_data/trainA/low10869.png	there is a clock on a pole in the middle of a city
data/unpaired_data/trainA/low10870.png	mountains with a few clouds in the sky and a person on a horse
data/unpaired_data/trainA/low10871.png	daytime view of a snowy landscape with a fence and a street light
data/unpaired_data/trainA/low10872.png	there is a man that is holding a cell phone in his hand
data/unpaired_data/trainA/low10873.png	soccer players are playing a game on a field at day
data/unpaired_data/trainA/low10874.png	mountains with snow and a wooden structure in the foreground
data/unpaired_data/trainA/low10875.png	there is a vase with flowers sitting on a table in the bright
data/unpaired_data/trainA/low10876.png	there are people riding bikes on a path near a cliff
data/unpaired_data/trainA/low10877.png	mountains covered in snow at day with a bright sky
data/unpaired_data/trainA/low10878.png	there is a train on the tracks near a lake and mountains
data/unpaired_data/trainA/low10879.png	there is a man sitting at a table writing on a piece of paper
data/unpaired_data/trainA/low10880.png	there is a book with a page of text on it
data/unpaired_data/trainA/low10881.png	there is a small yellow helicopter that is sitting in the grass
data/unpaired_data/trainA/low10882.png	arafed view of a bridge over a canal at day
data/unpaired_data/trainA/low10883.png	there are many sunflowers that are in the bright
data/unpaired_data/trainA/low10884.png	there is a man riding a horse on a rocky mountain
data/unpaired_data/trainA/low10885.png	there is a statue of a man standing in a field
data/unpaired_data/trainA/low10886.png	there is a sign that says,'stop the tulips'in front of a field of red
data/unpaired_data/trainA/low10887.png	there is a stone wall with a lamp on it near a lake
data/unpaired_data/trainA/low10888.png	there is a boat that is floating in the water near the mountains
data/unpaired_data/trainA/low10889.png	there is a dirt path that leads to a field with flowers
data/unpaired_data/trainA/low10890.png	people are standing around a fountain with a statue in the background
data/unpaired_data/trainA/low10891.png	there is a yellow building with a clock on it in the middle of a snowy town
data/unpaired_data/trainA/low10892.png	there are many figurines on display in a glass case
data/unpaired_data/trainA/low10893.png	arafed view of a glass pyramid with a statue in the middle
data/unpaired_data/trainA/low10894.png	there is a snow covered path next to a lake with trees
data/unpaired_data/trainA/low10895.png	there is a table and chairs in a room with a window
data/unpaired_data/trainA/low10896.png	there are many bricks sitting in the middle of a field
data/unpaired_data/trainA/low10897.png	arafed wall with many pictures and pictures of people on it
data/unpaired_data/trainA/low10898.png	daytime shot of a building in a bright mountain area
data/unpaired_data/trainA/low10899.png	there is a man working in a factory with a lot of pots
data/unpaired_data/trainA/low10900.png	there is a man standing in a bright room with a light on
data/unpaired_data/trainA/low10901.png	there is a mountain with a few trees on it and a sky background
data/unpaired_data/trainA/low10902.png	there is a plane flying over a mountain range at dusk
data/unpaired_data/trainA/low10903.png	there is a bird sitting on a branch in the bright
data/unpaired_data/trainA/low10904.png	day time view of a mountain range with a full moon
data/unpaired_data/trainA/low10905.png	musicians playing music in a bright city setting with a building in the background
data/unpaired_data/trainA/low10906.png	there is a clock that is on a pole in the park
data/unpaired_data/trainA/low10907.png	clearly lit bathroom with toilet and sink in bright room
data/unpaired_data/trainA/low10908.png	arafed statue of a man holding a sword in a building
data/unpaired_data/trainA/low10909.png	there are many benches in a room with a projection screen
data/unpaired_data/trainA/low10910.png	daytime shot of a clock tower in a city square with people walking around
data/unpaired_data/trainA/low10911.png	mountains in the distance with a bright sky and a few clouds
data/unpaired_data/trainA/low10912.png	people watching a parade of men in medieval costumes on horseback
data/unpaired_data/trainA/low10913.png	there is a sign that says, der karressee u - go di carezza lake carezza
data/unpaired_data/trainA/low10914.png	people walking around a plaza at day with a tall obelisk in the background
data/unpaired_data/trainA/low10915.png	arafed view of a street with a clock tower in the distance
data/unpaired_data/trainA/low10916.png	there is a small white flower in the middle of a field
data/unpaired_data/trainA/low10917.png	there are two women in dresses dancing in a park
data/unpaired_data/trainA/low10918.png	mountains with snow and trees in the foreground and a bright sky
data/unpaired_data/trainA/low10919.png	there is a room with a table, chairs, and a dog in it
data/unpaired_data/trainA/low10920.png	daytime scene of a group of people walking in a bright area
data/unpaired_data/trainA/low10921.png	there is a bench that is sitting in the middle of the street
data/unpaired_data/trainA/low10922.png	arafed building with a clock on the top of it
data/unpaired_data/trainA/low10923.png	daytime view of a city with a bridge and a tower
data/unpaired_data/trainA/low10924.png	there is a bridge that is over a river with a boat
data/unpaired_data/trainA/low10925.png	arafed suit jacket and tie laying on the floor in a bright room
data/unpaired_data/trainA/low10926.png	there is a clock tower that is lit up at day
data/unpaired_data/trainA/low10927.png	there is a bright picture of a mountain with a forest in the foreground
data/unpaired_data/trainA/low10928.png	cars parked in a street in a small town at day
data/unpaired_data/trainA/low10929.png	daytime view of a city with a clock tower and a bright sky
data/unpaired_data/trainA/low10930.png	there is a bird flying over a building in a city
data/unpaired_data/trainA/low10931.png	there is a path in the woods with a bench in the middle
data/unpaired_data/trainA/low10932.png	there are two people walking down a street at day
data/unpaired_data/trainA/low10933.png	there is a small stream running through a field with trees
data/unpaired_data/trainA/low10934.png	there is a clock on the wall in the bright with a light on
data/unpaired_data/trainA/low10935.png	mountains covered in snow and trees with a sky background
data/unpaired_data/trainA/low10936.png	there is a table in the middle of a room with chandeliers
data/unpaired_data/trainA/low10937.png	there is a road that is empty and has a stop sign on it
data/unpaired_data/trainA/low10938.png	arafed view of a tall building with a clock on it
data/unpaired_data/trainA/low10939.png	purple flowers with yellow stamens in a bright room
data/unpaired_data/trainA/low10940.png	arafed boat in the water at day with a cloudy sky
data/unpaired_data/trainA/low10941.png	there are people walking up a hill on a trail
data/unpaired_data/trainA/low10942.png	there is a table with a white table cloth and chairs
data/unpaired_data/trainA/low10943.png	arafed helicopter flying over a field with trees in the background
data/unpaired_data/trainA/low10944.png	araful crowd of people walking down a street at day
data/unpaired_data/trainA/low10945.png	snowy mountain with a telephone pole and power lines in the foreground
data/unpaired_data/trainA/low10946.png	there is a small town on a cliff overlooking the ocean
data/unpaired_data/trainA/low10947.png	there is a very tall building with a bunch of windows
data/unpaired_data/trainA/low10948.png	several people in costumes are walking down a street with a cow costume
data/unpaired_data/trainA/low10949.png	there is a stream running through a forest with trees in the background
data/unpaired_data/trainA/low10950.png	there are two cups of coffee and a piece of toast on a tray
data/unpaired_data/trainA/low10951.png	arafed view of a church with a clock tower in the background
data/unpaired_data/trainA/low10952.png	arafed glass roof in a building with a clock on it
data/unpaired_data/trainA/low10953.png	arafed view of a train track in the snow at day
data/unpaired_data/trainA/low10954.png	skiers on a snowy mountain with a mountain in the background
data/unpaired_data/trainA/low10955.png	there is a boat that is sitting on the water in the woods
data/unpaired_data/trainA/low10956.png	arafed view of a clock tower in the bright with a sky background
data/unpaired_data/trainA/low10957.png	trees in the foreground of a mountain range with a valley in the background
data/unpaired_data/trainA/low10958.png	arafed view of a river with buildings and a clock tower in the background
data/unpaired_data/trainA/low10959.png	there is a boat that is docked in the water near a pier
data/unpaired_data/trainA/low10960.png	there are many different types of clocks on the wall
data/unpaired_data/trainA/low10961.png	there is a fire hydrant in the middle of a grassy area
data/unpaired_data/trainA/low10962.png	araffe flying a kite in the bright sky over a beach
data/unpaired_data/trainA/low10963.png	daytime shot of a restaurant with tables and umbrellas in the bright
data/unpaired_data/trainA/low10964.png	there is a lone horse standing on a grassy hill with a mountain in the background
data/unpaired_data/trainA/low10965.png	arafed view of a canal with a boat in the water
data/unpaired_data/trainA/low10966.png	there is a path that is next to a body of water
data/unpaired_data/trainA/low10967.png	arafed sign on a building advertising a store in a city
data/unpaired_data/trainA/low10968.png	there is a small hedge in the middle of a lawn
data/unpaired_data/trainA/low10969.png	araffes flying over a city at day with a full moon
data/unpaired_data/trainA/low10970.png	arafed view of a cathedral with a clock tower at day
data/unpaired_data/trainA/low10971.png	there is a small lake with rocks and trees in the background
data/unpaired_data/trainA/low10972.png	araffe flying through the day sky with a full moon in the background
data/unpaired_data/trainA/low10973.png	there is a clock tower in the middle of a city
data/unpaired_data/trainA/low10974.png	there are many chocolate rabbits in a display case
data/unpaired_data/trainA/low10975.png	there is a soccer player that is about to kick the ball
data/unpaired_data/trainA/low10976.png	there is a woman that is sitting in a chair with a teddy bear
data/unpaired_data/trainA/low10977.png	arafed view of a city with a clock tower and a clock tower
data/unpaired_data/trainA/low10978.png	arafed view of a roman forum with columns and a clock tower
data/unpaired_data/trainA/low10979.png	there is a man with a long beard and a hat walking down the street
data/unpaired_data/trainA/low10980.png	people are walking around in a crowded city street with umbrellas
data/unpaired_data/trainA/low10981.png	buildings in a city with a clock tower on a cloudy day
data/unpaired_data/trainA/low10982.png	there is a wooden walkway that leads to a grassy area
data/unpaired_data/trainA/low10983.png	arafed statue of a man holding a sword in front of a building
data/unpaired_data/trainA/low10984.png	there is a bright sky with a few clouds over a lake
data/unpaired_data/trainA/low10985.png	arafed view of a large cathedral with a clock on the front
data/unpaired_data/trainA/low10986.png	boats are docked in a harbor with a mountain in the background
data/unpaired_data/trainA/low10987.png	there is a person riding a bike on a trail in the mountains
data/unpaired_data/trainA/low10988.png	there is a person riding a horse on a rocky trail
data/unpaired_data/trainA/low10989.png	people standing outside of a building with a man in a hat
data/unpaired_data/trainA/low10990.png	there is a lone tree in a field with a mountain in the background
data/unpaired_data/trainA/low10991.png	there is a lone horse standing in a field with a mountain in the background
data/unpaired_data/trainA/low10992.png	purple sequinned costumed woman with a pink hat and red feather
data/unpaired_data/trainA/low10993.png	there is a fence that is next to the water
data/unpaired_data/trainA/low10994.png	trees in the bright with a full moon in the background
data/unpaired_data/trainA/low10995.png	there is a train that is going down the tracks in the mountains
data/unpaired_data/trainA/low10996.png	there is a cross on a hill with a view of a town
data/unpaired_data/trainA/low10997.png	there is a train that is going down the tracks at day
data/unpaired_data/trainA/low10998.png	there are many boats in the water near a rocky shore
data/unpaired_data/trainA/low10999.png	there is a man holding a guitar in the bright
